/* Fill in the data with dummy values to demo the profiles */

use profilr;

/* https://randomuser.me/api/?nat=us&results=100 */
insert into `Users` (`user_id`, `email_address`, `given_name`, `family_name`) values
('1', 'nina.gibson@example.com', 'nina', 'gibson'),
('2', 'jeff.perez@example.com', 'jeff', 'perez'),
('3', 'francis.wade@example.com', 'francis', 'wade'),
('4', 'diane.banks@example.com', 'diane', 'banks'),
('5', 'marlene.black@example.com', 'marlene', 'black'),
('6', 'gertrude.murray@example.com', 'gertrude', 'murray'),
('7', 'nicholas.kuhn@example.com', 'nicholas', 'kuhn'),
('8', 'myrtle.washington@example.com', 'myrtle', 'washington'),
('9', 'roberta.pierce@example.com', 'roberta', 'pierce'),
('10', 'avery.fox@example.com', 'avery', 'fox'),
('11', 'same.rodriguez@example.com', 'same', 'rodriguez'),
('12', 'beverly.garcia@example.com', 'beverly', 'garcia'),
('13', 'wallace.graham@example.com', 'wallace', 'graham'),
('14', 'genesis.warren@example.com', 'genesis', 'warren'),
('15', 'terrance.lee@example.com', 'terrance', 'lee'),
('16', 'kitty.webb@example.com', 'kitty', 'webb'),
('17', 'georgia.byrd@example.com', 'georgia', 'byrd'),
('18', 'morris.walker@example.com', 'morris', 'walker'),
('19', 'melanie.allen@example.com', 'melanie', 'allen'),
('20', 'bessie.hall@example.com', 'bessie', 'hall'),
('21', 'erika.gonzalez@example.com', 'erika', 'gonzalez'),
('22', 'ian.smith@example.com', 'ian', 'smith'),
('23', 'nevaeh.martinez@example.com', 'nevaeh', 'martinez'),
('24', 'marlene.rodriquez@example.com', 'marlene', 'rodriquez'),
('25', 'owen.fletcher@example.com', 'owen', 'fletcher'),
('26', 'willie.lowe@example.com', 'willie', 'lowe'),
('27', 'oscar.morris@example.com', 'oscar', 'morris'),
('28', 'bobbie.wright@example.com', 'bobbie', 'wright'),
('29', 'darren.jordan@example.com', 'darren', 'jordan'),
('30', 'norma.allen@example.com', 'norma', 'allen'),
('31', 'terri.carpenter@example.com', 'terri', 'carpenter'),
('32', 'marcia.wade@example.com', 'marcia', 'wade'),
('33', 'katrina.myers@example.com', 'katrina', 'myers'),
('34', 'seth.chavez@example.com', 'seth', 'chavez'),
('35', 'krin.fleming@example.com', 'krin', 'fleming'),
('36', 'joann.henry@example.com', 'joann', 'henry'),
('37', 'jeremy.holmes@example.com', 'jeremy', 'holmes'),
('38', 'scarlett.ramirez@example.com', 'scarlett', 'ramirez'),
('39', 'michael.ray@example.com', 'michael', 'ray'),
('40', 'travis.kelley@example.com', 'travis', 'kelley'),
('41', 'daisy.simpson@example.com', 'daisy', 'simpson'),
('42', 'frederick.griffin@example.com', 'frederick', 'griffin'),
('43', 'evelyn.perkins@example.com', 'evelyn', 'perkins'),
('44', 'sebastian.coleman@example.com', 'sebastian', 'coleman'),
('45', 'kay.watson@example.com', 'kay', 'watson'),
('46', 'willie.bates@example.com', 'willie', 'bates'),
('47', 'katrina.mitchelle@example.com', 'katrina', 'mitchelle'),
('48', 'wesley.nichols@example.com', 'wesley', 'nichols'),
('49', 'kenzi.arnold@example.com', 'kenzi', 'arnold'),
('50', 'krin.fowler@example.com', 'krin', 'fowler'),
('51', 'jerry.little@example.com', 'jerry', 'little'),
('52', 'sara.peck@example.com', 'sara', 'peck'),
('53', 'kelly.gutierrez@example.com', 'kelly', 'gutierrez'),
('54', 'sarah.hamilton@example.com', 'sarah', 'hamilton'),
('55', 'frances.hunt@example.com', 'frances', 'hunt'),
('56', 'lonnie.bennett@example.com', 'lonnie', 'bennett'),
('57', 'hilda.griffin@example.com', 'hilda', 'griffin'),
('58', 'kenzi.taylor@example.com', 'kenzi', 'taylor'),
('59', 'javier.ramos@example.com', 'javier', 'ramos'),
('60', 'billy.bishop@example.com', 'billy', 'bishop'),
('61', 'joyce.long@example.com', 'joyce', 'long'),
('62', 'clifton.lewis@example.com', 'clifton', 'lewis'),
('63', 'christian.tucker@example.com', 'christian', 'tucker'),
('64', 'kurt.jennings@example.com', 'kurt', 'jennings'),
('65', 'yolanda.hale@example.com', 'yolanda', 'hale'),
('66', 'earl.andrews@example.com', 'earl', 'andrews'),
('67', 'julian.gutierrez@example.com', 'julian', 'gutierrez'),
('68', 'joshua.gardner@example.com', 'joshua', 'gardner'),
('69', 'jenny.mendoza@example.com', 'jenny', 'mendoza'),
('70', 'jo.carpenter@example.com', 'jo', 'carpenter'),
('71', 'stephen.parker@example.com', 'stephen', 'parker'),
('72', 'christina.hernandez@example.com', 'christina', 'hernandez'),
('73', 'joanne.hayes@example.com', 'joanne', 'hayes'),
('74', 'nevaeh.richardson@example.com', 'nevaeh', 'richardson'),
('75', 'mitchell.rhodes@example.com', 'mitchell', 'rhodes'),
('76', 'sue.duncan@example.com', 'sue', 'duncan'),
('77', 'gabriella.williamson@example.com', 'gabriella', 'williamson'),
('78', 'kim.sanchez@example.com', 'kim', 'sanchez'),
('79', 'erica.stephens@example.com', 'erica', 'stephens'),
('80', 'nora.gutierrez@example.com', 'nora', 'gutierrez'),
('81', 'josephine.gardner@example.com', 'jose  phine', 'gardner'),
('82', 'jane.pearson@example.com', 'jane', 'pearson'),
('83', 'francis.rose@example.com', 'francis', 'rose'),
('84', 'chris.baker@example.com', 'chris', 'baker'),
('85', 'cameron.coleman@example.com', 'cameron', 'coleman'),
('86', 'celina.jimenez@example.com', 'celina', 'jimenez'),
('87', 'noelle.gardner@example.com', 'noelle', 'gardner'),
('88', 'christian.wade@example.com', 'christian', 'wade'),
('89', 'clayton.miles@example.com', 'clayton', 'miles'),
('90', 'gilbert.vargas@example.com', 'gilbert', 'vargas'),
('91', 'mario.tucker@example.com', 'mario', 'tucker'),
('92', 'raymond.reynolds@example.com', 'raymond', 'reynolds'),
('93', 'charlotte.duncan@example.com', 'charlotte', 'duncan'),
('94', 'wyatt.ramirez@example.com', 'wyatt', 'ramirez'),
('95', 'eric.henderson@example.com', 'eric', 'henderson'),
('96', 'johnni.hanson@example.com', 'johnni', 'hanson'),
('97', 'darryl.duncan@example.com', 'darryl', 'duncan'),
('98', 'kelly.chapman@example.com', 'kelly', 'chapman'),
('99', 'ana.howell@example.com', 'ana', 'howell'),
('100', 'pauline.mitchell@example.com', 'pauline', 'mitchell');

delete from `Courses`;
insert into `Courses` (`course_id`, `name`) values (1, 'AP Calculus AB');

insert into `Sections` (`section_id`, `name`, `course_id`, `join_code`) values
(1, 'Section 1', 1, '678607'),
(2, 'Section 2', 1, '019589'),
(3, 'Section 3', 1, '883259'),
(4, 'Section 4', 1, '800217');

insert into `SectionUsers` (`user_id`, `section_id`) values
('1', 1),('2', 1),('3', 1),('4', 1),('5', 1),('6', 1),('7', 1),('8', 1),('9', 1),('10', 1),
('11', 1),('12', 1),('13', 1),('14', 1),('15', 1),('16', 1),('17', 1),('18', 1),('19', 1),('20', 1),
('21', 1),('22', 1),('23', 1),('24', 1),('25', 1),('26', 2),('27', 2),('28', 2),('29', 2),('30', 2),
('31', 2),('32', 2),('33', 2),('34', 2),('35', 2),('36', 2),('37', 2),('38', 2),('39', 2),('40', 2),
('41', 2),('42', 2),('43', 2),('44', 2),('45', 2),('46', 2),('47', 2),('48', 2),('49', 2),('50', 2),
('51', 3),('52', 3),('53', 3),('54', 3),('55', 3),('56', 3),('57', 3),('58', 3),('59', 3),('60', 3),
('61', 3),('62', 3),('63', 3),('64', 3),('65', 3),('66', 3),('67', 3),('68', 3),('69', 3),('70', 3),
('71', 3),('72', 3),('73', 3),('74', 3),('75', 3),('76', 4),('77', 4),('78', 4),('79', 4),('80', 4),
('81', 4),('82', 4),('83', 4),('84', 4),('85', 4),('86', 4),('87', 4),('88', 4),('89', 4),('90', 4),
('91', 4),('92', 4),('93', 4),('94', 4),('95', 4),('96', 4),('97', 4),('98', 4),('99', 4),('100', 4);

insert into `Tests` (`test_id`, `name`, `course_id`, `published`) values (1, 'First Test', 1, true);

insert into `Topics` (`topic_id`, `course_id`, `name`) values
(1, 1, 'Definition of a Derivative'),
(2, 1, 'Power Rule'),
(3, 1, 'Product Rule'),
(4, 1, 'Chain Rule');

insert into `Questions` (`test_id`, `topic_id`, `label`, `text`, `weight`) values
(1, 1, 'Q1', 'Write the formal definition of a derivative', 10),
(1, 1, 'Q2', 'Using the definition of a derivative, calculate d/dx x^2', 6),
(1, 1, 'Q3', 'Using the definition of a derivative, calculate d/dx (x+5)^4', 6),
(1, 2, 'Q4', 'd/dx x^6', 2),
(1, 2, 'Q5', 'f\'(3) if f(x)=5x^2+7x+9', 4),
(1, 2, 'Q6', 'd/dx (2x^3+6)^9 | x=4', 3),
(1, 3, 'Q7', 'What is the Product Rule?', 2),
(1, 3, 'Q8', 'd/dx (x^2+2x+1)(x^2-5x+10)', 4),
(1, 3, 'Q9', 'If f(x)=4, f\'(x)=5, g(x)=6, g\'(x)=7, what is d/dx f(x)g(x)', 3),
(1, 4, 'Q10', 'What is the Chain Rule?', 1),
(1, 4, 'Q11', 'd/dx (2x+3)^4', 3),
(1, 4, 'Q12', 'If f(x)=x^2+4, g(x)=x^2+6, what is d/dx f(g(x))', 7);

insert into `Responses` (`user_id`, `test_id`, `text`) values
('1', 1, 'Student 1\'s Plan of Action'),
('2', 1, 'Student 2\'s Plan of Action'),
('3', 1, 'Student 3\'s Plan of Action'),
('4', 1, 'Student 4\'s Plan of Action'),
('5', 1, 'Student 5\'s Plan of Action'),
('6', 1, 'Student 6\'s Plan of Action'),
('7', 1, 'Student 7\'s Plan of Action'),
('8', 1, 'Student 8\'s Plan of Action'),
('9', 1, 'Student 9\'s Plan of Action'),
('10', 1, 'Student 10\'s Plan of Action'),
('11', 1, 'Student 11\'s Plan of Action'),
('12', 1, 'Student 12\'s Plan of Action'),
('13', 1, 'Student 13\'s Plan of Action'),
('14', 1, 'Student 14\'s Plan of Action'),
('15', 1, 'Student 15\'s Plan of Action'),
('16', 1, 'Student 16\'s Plan of Action'),
('17', 1, 'Student 17\'s Plan of Action'),
('18', 1, 'Student 18\'s Plan of Action'),
('19', 1, 'Student 19\'s Plan of Action'),
('20', 1, 'Student 20\'s Plan of Action'),
('21', 1, 'Student 21\'s Plan of Action'),
('22', 1, 'Student 22\'s Plan of Action'),
('23', 1, 'Student 23\'s Plan of Action'),
('24', 1, 'Student 24\'s Plan of Action'),
('25', 1, 'Student 25\'s Plan of Action'),
('26', 1, 'Student 26\'s Plan of Action'),
('27', 1, 'Student 27\'s Plan of Action'),
('28', 1, 'Student 28\'s Plan of Action'),
('29', 1, 'Student 29\'s Plan of Action'),
('30', 1, 'Student 30\'s Plan of Action'),
('31', 1, 'Student 31\'s Plan of Action'),
('32', 1, 'Student 32\'s Plan of Action'),
('33', 1, 'Student 33\'s Plan of Action'),
('34', 1, 'Student 34\'s Plan of Action'),
('35', 1, 'Student 35\'s Plan of Action'),
('36', 1, 'Student 36\'s Plan of Action'),
('37', 1, 'Student 37\'s Plan of Action'),
('38', 1, 'Student 38\'s Plan of Action'),
('39', 1, 'Student 39\'s Plan of Action'),
('40', 1, 'Student 40\'s Plan of Action'),
('41', 1, 'Student 41\'s Plan of Action'),
('42', 1, 'Student 42\'s Plan of Action'),
('43', 1, 'Student 43\'s Plan of Action'),
('44', 1, 'Student 44\'s Plan of Action'),
('45', 1, 'Student 45\'s Plan of Action'),
('46', 1, 'Student 46\'s Plan of Action'),
('47', 1, 'Student 47\'s Plan of Action'),
('48', 1, 'Student 48\'s Plan of Action'),
('49', 1, 'Student 49\'s Plan of Action'),
('50', 1, 'Student 50\'s Plan of Action'),
('51', 1, 'Student 51\'s Plan of Action'),
('52', 1, 'Student 52\'s Plan of Action'),
('53', 1, 'Student 53\'s Plan of Action'),
('54', 1, 'Student 54\'s Plan of Action'),
('55', 1, 'Student 55\'s Plan of Action'),
('56', 1, 'Student 56\'s Plan of Action'),
('57', 1, 'Student 57\'s Plan of Action'),
('58', 1, 'Student 58\'s Plan of Action'),
('59', 1, 'Student 59\'s Plan of Action'),
('60', 1, 'Student 60\'s Plan of Action'),
('61', 1, 'Student 61\'s Plan of Action'),
('62', 1, 'Student 62\'s Plan of Action'),
('63', 1, 'Student 63\'s Plan of Action'),
('64', 1, 'Student 64\'s Plan of Action'),
('65', 1, 'Student 65\'s Plan of Action'),
('66', 1, 'Student 66\'s Plan of Action'),
('67', 1, 'Student 67\'s Plan of Action'),
('68', 1, 'Student 68\'s Plan of Action'),
('69', 1, 'Student 69\'s Plan of Action'),
('70', 1, 'Student 70\'s Plan of Action'),
('71', 1, 'Student 71\'s Plan of Action'),
('72', 1, 'Student 72\'s Plan of Action'),
('73', 1, 'Student 73\'s Plan of Action'),
('74', 1, 'Student 74\'s Plan of Action'),
('75', 1, 'Student 75\'s Plan of Action'),
('76', 1, 'Student 76\'s Plan of Action'),
('77', 1, 'Student 77\'s Plan of Action'),
('78', 1, 'Student 78\'s Plan of Action'),
('79', 1, 'Student 79\'s Plan of Action'),
('80', 1, 'Student 80\'s Plan of Action'),
('81', 1, 'Student 81\'s Plan of Action'),
('82', 1, 'Student 82\'s Plan of Action'),
('83', 1, 'Student 83\'s Plan of Action'),
('84', 1, 'Student 84\'s Plan of Action'),
('85', 1, 'Student 85\'s Plan of Action'),
('86', 1, 'Student 86\'s Plan of Action'),
('87', 1, 'Student 87\'s Plan of Action'),
('88', 1, 'Student 88\'s Plan of Action'),
('89', 1, 'Student 89\'s Plan of Action'),
('90', 1, 'Student 90\'s Plan of Action'),
('91', 1, 'Student 91\'s Plan of Action'),
('92', 1, 'Student 92\'s Plan of Action'),
('93', 1, 'Student 93\'s Plan of Action'),
('94', 1, 'Student 94\'s Plan of Action'),
('95', 1, 'Student 95\'s Plan of Action'),
('96', 1, 'Student 96\'s Plan of Action'),
('97', 1, 'Student 97\'s Plan of Action'),
('98', 1, 'Student 98\'s Plan of Action'),
('99', 1, 'Student 99\'s Plan of Action'),
('100', 1, 'Student 100\'s Plan of Action');

insert into `Answers` (`question_id`, `user_id`, `correct`, `reason_id`, `notes`) values
(1, '1', 10, null, ''),
(2, '1', 5, 11, ''),
(3, '1', 2, 1, ''),
(4, '1', 2, null, ''),
(5, '1', 0, 4, ''),
(6, '1', 3, null, ''),
(7, '1', 2, null, ''),
(8, '1', 2, 9, ''),
(9, '1', 3, null, ''),
(10, '1', 0, 2, ''),
(11, '1', 0, 1, ''),
(12, '1', 7, null, ''),
(1, '2', 9, 1, ''),
(2, '2', 5, 1, ''),
(3, '2', 6, null, ''),
(4, '2', 2, null, ''),
(5, '2', 4, null, ''),
(6, '2', 1, 6, ''),
(7, '2', 1, 10, ''),
(8, '2', 4, null, ''),
(9, '2', 3, null, ''),
(10, '2', 1, null, ''),
(11, '2', 2, 2, ''),
(12, '2', 4, 3, ''),
(1, '3', 3, 4, ''),
(2, '3', 4, 3, ''),
(3, '3', 0, 10, ''),
(4, '3', 1, 9, ''),
(5, '3', 4, null, ''),
(6, '3', 1, 5, ''),
(7, '3', 2, null, ''),
(8, '3', 4, null, ''),
(9, '3', 0, 7, ''),
(10, '3', 1, null, ''),
(11, '3', 3, null, ''),
(12, '3', 4, 9, ''),
(1, '4', 1, 4, ''),
(2, '4', 6, null, ''),
(3, '4', 6, null, ''),
(4, '4', 2, null, ''),
(5, '4', 4, null, ''),
(6, '4', 1, 2, ''),
(7, '4', 2, null, ''),
(8, '4', 2, 9, ''),
(9, '4', 3, null, ''),
(10, '4', 0, 6, ''),
(11, '4', 3, null, ''),
(12, '4', 7, null, ''),
(1, '5', 9, 4, ''),
(2, '5', 6, null, ''),
(3, '5', 6, null, ''),
(4, '5', 1, 10, ''),
(5, '5', 4, null, ''),
(6, '5', 3, null, ''),
(7, '5', 2, null, ''),
(8, '5', 4, null, ''),
(9, '5', 2, 7, ''),
(10, '5', 1, null, ''),
(11, '5', 3, null, ''),
(12, '5', 5, 7, ''),
(1, '6', 0, 11, ''),
(2, '6', 6, null, ''),
(3, '6', 6, null, ''),
(4, '6', 0, 3, ''),
(5, '6', 4, null, ''),
(6, '6', 2, 5, ''),
(7, '6', 1, 1, ''),
(8, '6', 4, null, ''),
(9, '6', 0, 10, ''),
(10, '6', 1, null, ''),
(11, '6', 3, null, ''),
(12, '6', 7, null, ''),
(1, '7', 8, 4, ''),
(2, '7', 6, null, ''),
(3, '7', 6, null, ''),
(4, '7', 1, 1, ''),
(5, '7', 4, null, ''),
(6, '7', 3, null, ''),
(7, '7', 2, null, ''),
(8, '7', 3, 6, ''),
(9, '7', 3, null, ''),
(10, '7', 1, null, ''),
(11, '7', 0, 2, ''),
(12, '7', 7, null, ''),
(1, '8', 10, null, ''),
(2, '8', 6, null, ''),
(3, '8', 3, 6, ''),
(4, '8', 2, null, ''),
(5, '8', 3, 9, ''),
(6, '8', 0, 4, ''),
(7, '8', 2, null, ''),
(8, '8', 4, null, ''),
(9, '8', 0, 10, ''),
(10, '8', 0, 10, ''),
(11, '8', 3, null, ''),
(12, '8', 2, 9, ''),
(1, '9', 4, 1, ''),
(2, '9', 6, null, ''),
(3, '9', 6, null, ''),
(4, '9', 1, 7, ''),
(5, '9', 1, 3, ''),
(6, '9', 3, null, ''),
(7, '9', 2, null, ''),
(8, '9', 2, 3, ''),
(9, '9', 3, null, ''),
(10, '9', 1, null, ''),
(11, '9', 3, null, ''),
(12, '9', 7, null, ''),
(1, '10', 10, null, ''),
(2, '10', 6, null, ''),
(3, '10', 6, null, ''),
(4, '10', 0, 10, ''),
(5, '10', 3, 9, ''),
(6, '10', 0, 2, ''),
(7, '10', 1, 5, ''),
(8, '10', 4, null, ''),
(9, '10', 3, null, ''),
(10, '10', 0, 4, ''),
(11, '10', 3, null, ''),
(12, '10', 3, 6, ''),
(1, '11', 6, 5, ''),
(2, '11', 5, 4, ''),
(3, '11', 1, 4, ''),
(4, '11', 2, null, ''),
(5, '11', 1, 3, ''),
(6, '11', 0, 7, ''),
(7, '11', 1, 1, ''),
(8, '11', 4, null, ''),
(9, '11', 0, 5, ''),
(10, '11', 1, null, ''),
(11, '11', 3, null, ''),
(12, '11', 7, null, ''),
(1, '12', 9, 11, ''),
(2, '12', 6, null, ''),
(3, '12', 5, 6, ''),
(4, '12', 1, 7, ''),
(5, '12', 4, null, ''),
(6, '12', 1, 8, ''),
(7, '12', 0, 3, ''),
(8, '12', 2, 6, ''),
(9, '12', 1, 11, ''),
(10, '12', 1, null, ''),
(11, '12', 2, 11, ''),
(12, '12', 7, null, ''),
(1, '13', 2, 2, ''),
(2, '13', 6, null, ''),
(3, '13', 6, null, ''),
(4, '13', 2, null, ''),
(5, '13', 2, 5, ''),
(6, '13', 3, null, ''),
(7, '13', 0, 2, ''),
(8, '13', 3, 8, ''),
(9, '13', 3, null, ''),
(10, '13', 1, null, ''),
(11, '13', 1, 3, ''),
(12, '13', 7, null, ''),
(1, '14', 10, null, ''),
(2, '14', 6, null, ''),
(3, '14', 6, null, ''),
(4, '14', 2, null, ''),
(5, '14', 4, null, ''),
(6, '14', 3, null, ''),
(7, '14', 1, 9, ''),
(8, '14', 0, 2, ''),
(9, '14', 2, 1, ''),
(10, '14', 0, 4, ''),
(11, '14', 1, 10, ''),
(12, '14', 1, 7, ''),
(1, '15', 10, null, ''),
(2, '15', 4, 8, ''),
(3, '15', 0, 6, ''),
(4, '15', 0, 9, ''),
(5, '15', 2, 8, ''),
(6, '15', 3, null, ''),
(7, '15', 0, 3, ''),
(8, '15', 4, null, ''),
(9, '15', 3, null, ''),
(10, '15', 1, null, ''),
(11, '15', 3, null, ''),
(12, '15', 5, 4, ''),
(1, '16', 10, null, ''),
(2, '16', 6, null, ''),
(3, '16', 6, null, ''),
(4, '16', 0, 4, ''),
(5, '16', 1, 9, ''),
(6, '16', 3, null, ''),
(7, '16', 1, 7, ''),
(8, '16', 1, 4, ''),
(9, '16', 1, 10, ''),
(10, '16', 1, null, ''),
(11, '16', 3, null, ''),
(12, '16', 6, 11, ''),
(1, '17', 10, null, ''),
(2, '17', 5, 8, ''),
(3, '17', 1, 9, ''),
(4, '17', 2, null, ''),
(5, '17', 3, 7, ''),
(6, '17', 3, null, ''),
(7, '17', 1, 10, ''),
(8, '17', 1, 11, ''),
(9, '17', 3, null, ''),
(10, '17', 1, null, ''),
(11, '17', 0, 7, ''),
(12, '17', 7, null, ''),
(1, '18', 1, 2, ''),
(2, '18', 3, 3, ''),
(3, '18', 6, null, ''),
(4, '18', 2, null, ''),
(5, '18', 4, null, ''),
(6, '18', 2, 2, ''),
(7, '18', 0, 6, ''),
(8, '18', 2, 3, ''),
(9, '18', 1, 7, ''),
(10, '18', 0, 2, ''),
(11, '18', 3, null, ''),
(12, '18', 6, 4, ''),
(1, '19', 1, 10, ''),
(2, '19', 6, null, ''),
(3, '19', 6, null, ''),
(4, '19', 0, 8, ''),
(5, '19', 0, 7, ''),
(6, '19', 3, null, ''),
(7, '19', 1, 2, ''),
(8, '19', 4, null, ''),
(9, '19', 3, null, ''),
(10, '19', 1, null, ''),
(11, '19', 2, 8, ''),
(12, '19', 7, null, ''),
(1, '20', 0, 9, ''),
(2, '20', 2, 5, ''),
(3, '20', 5, 3, ''),
(4, '20', 2, null, ''),
(5, '20', 0, 5, ''),
(6, '20', 0, 6, ''),
(7, '20', 2, null, ''),
(8, '20', 1, 3, ''),
(9, '20', 2, 9, ''),
(10, '20', 1, null, ''),
(11, '20', 3, null, ''),
(12, '20', 7, null, ''),
(1, '21', 4, 9, ''),
(2, '21', 0, 5, ''),
(3, '21', 6, null, ''),
(4, '21', 2, null, ''),
(5, '21', 2, 6, ''),
(6, '21', 1, 7, ''),
(7, '21', 0, 4, ''),
(8, '21', 4, null, ''),
(9, '21', 1, 10, ''),
(10, '21', 1, null, ''),
(11, '21', 1, 1, ''),
(12, '21', 3, 4, ''),
(1, '22', 10, null, ''),
(2, '22', 6, null, ''),
(3, '22', 6, null, ''),
(4, '22', 1, 11, ''),
(5, '22', 4, null, ''),
(6, '22', 3, null, ''),
(7, '22', 2, null, ''),
(8, '22', 0, 6, ''),
(9, '22', 3, null, ''),
(10, '22', 0, 5, ''),
(11, '22', 2, 7, ''),
(12, '22', 6, 5, ''),
(1, '23', 5, 2, ''),
(2, '23', 6, null, ''),
(3, '23', 6, null, ''),
(4, '23', 2, null, ''),
(5, '23', 3, 2, ''),
(6, '23', 3, null, ''),
(7, '23', 1, 6, ''),
(8, '23', 4, null, ''),
(9, '23', 3, null, ''),
(10, '23', 1, null, ''),
(11, '23', 3, null, ''),
(12, '23', 7, null, ''),
(1, '24', 10, null, ''),
(2, '24', 6, null, ''),
(3, '24', 6, null, ''),
(4, '24', 0, 4, ''),
(5, '24', 4, null, ''),
(6, '24', 2, 7, ''),
(7, '24', 0, 2, ''),
(8, '24', 4, null, ''),
(9, '24', 1, 2, ''),
(10, '24', 1, null, ''),
(11, '24', 0, 5, ''),
(12, '24', 5, 2, ''),
(1, '25', 10, null, ''),
(2, '25', 2, 2, ''),
(3, '25', 6, null, ''),
(4, '25', 2, null, ''),
(5, '25', 4, null, ''),
(6, '25', 1, 3, ''),
(7, '25', 2, null, ''),
(8, '25', 3, 8, ''),
(9, '25', 0, 11, ''),
(10, '25', 0, 6, ''),
(11, '25', 3, null, ''),
(12, '25', 0, 6, ''),
(1, '26', 3, 1, ''),
(2, '26', 5, 11, ''),
(3, '26', 6, null, ''),
(4, '26', 2, null, ''),
(5, '26', 4, null, ''),
(6, '26', 0, 3, ''),
(7, '26', 1, 7, ''),
(8, '26', 4, null, ''),
(9, '26', 0, 3, ''),
(10, '26', 0, 5, ''),
(11, '26', 1, 6, ''),
(12, '26', 7, null, ''),
(1, '27', 10, null, ''),
(2, '27', 3, 4, ''),
(3, '27', 3, 11, ''),
(4, '27', 1, 3, ''),
(5, '27', 0, 9, ''),
(6, '27', 2, 4, ''),
(7, '27', 0, 9, ''),
(8, '27', 4, null, ''),
(9, '27', 3, null, ''),
(10, '27', 1, null, ''),
(11, '27', 2, 6, ''),
(12, '27', 7, null, ''),
(1, '28', 10, null, ''),
(2, '28', 6, null, ''),
(3, '28', 2, 9, ''),
(4, '28', 2, null, ''),
(5, '28', 0, 9, ''),
(6, '28', 3, null, ''),
(7, '28', 1, 7, ''),
(8, '28', 1, 11, ''),
(9, '28', 3, null, ''),
(10, '28', 0, 1, ''),
(11, '28', 3, null, ''),
(12, '28', 5, 5, ''),
(1, '29', 10, null, ''),
(2, '29', 4, 1, ''),
(3, '29', 0, 1, ''),
(4, '29', 1, 3, ''),
(5, '29', 2, 4, ''),
(6, '29', 3, null, ''),
(7, '29', 0, 1, ''),
(8, '29', 4, null, ''),
(9, '29', 3, null, ''),
(10, '29', 1, null, ''),
(11, '29', 1, 7, ''),
(12, '29', 7, null, ''),
(1, '30', 4, 10, ''),
(2, '30', 6, null, ''),
(3, '30', 2, 1, ''),
(4, '30', 2, null, ''),
(5, '30', 4, null, ''),
(6, '30', 0, 6, ''),
(7, '30', 1, 6, ''),
(8, '30', 3, 6, ''),
(9, '30', 3, null, ''),
(10, '30', 1, null, ''),
(11, '30', 3, null, ''),
(12, '30', 1, 11, ''),
(1, '31', 1, 2, ''),
(2, '31', 2, 9, ''),
(3, '31', 2, 11, ''),
(4, '31', 2, null, ''),
(5, '31', 4, null, ''),
(6, '31', 0, 1, ''),
(7, '31', 1, 2, ''),
(8, '31', 0, 9, ''),
(9, '31', 3, null, ''),
(10, '31', 0, 10, ''),
(11, '31', 3, null, ''),
(12, '31', 1, 10, ''),
(1, '32', 8, 9, ''),
(2, '32', 6, null, ''),
(3, '32', 6, null, ''),
(4, '32', 1, 3, ''),
(5, '32', 4, null, ''),
(6, '32', 3, null, ''),
(7, '32', 1, 7, ''),
(8, '32', 0, 10, ''),
(9, '32', 1, 8, ''),
(10, '32', 1, null, ''),
(11, '32', 3, null, ''),
(12, '32', 1, 9, ''),
(1, '33', 10, null, ''),
(2, '33', 1, 11, ''),
(3, '33', 1, 2, ''),
(4, '33', 1, 1, ''),
(5, '33', 1, 8, ''),
(6, '33', 2, 11, ''),
(7, '33', 2, null, ''),
(8, '33', 4, null, ''),
(9, '33', 1, 9, ''),
(10, '33', 0, 2, ''),
(11, '33', 3, null, ''),
(12, '33', 7, null, ''),
(1, '34', 10, null, ''),
(2, '34', 6, null, ''),
(3, '34', 3, 3, ''),
(4, '34', 1, 11, ''),
(5, '34', 3, 11, ''),
(6, '34', 3, null, ''),
(7, '34', 2, null, ''),
(8, '34', 4, null, ''),
(9, '34', 3, null, ''),
(10, '34', 1, null, ''),
(11, '34', 0, 8, ''),
(12, '34', 7, null, ''),
(1, '35', 1, 10, ''),
(2, '35', 3, 8, ''),
(3, '35', 6, null, ''),
(4, '35', 2, null, ''),
(5, '35', 0, 4, ''),
(6, '35', 0, 1, ''),
(7, '35', 0, 9, ''),
(8, '35', 0, 4, ''),
(9, '35', 1, 6, ''),
(10, '35', 1, null, ''),
(11, '35', 3, null, ''),
(12, '35', 7, null, ''),
(1, '36', 7, 10, ''),
(2, '36', 6, null, ''),
(3, '36', 6, null, ''),
(4, '36', 0, 4, ''),
(5, '36', 4, null, ''),
(6, '36', 1, 7, ''),
(7, '36', 2, null, ''),
(8, '36', 2, 7, ''),
(9, '36', 1, 11, ''),
(10, '36', 1, null, ''),
(11, '36', 1, 8, ''),
(12, '36', 7, null, ''),
(1, '37', 2, 1, ''),
(2, '37', 1, 2, ''),
(3, '37', 6, null, ''),
(4, '37', 0, 4, ''),
(5, '37', 1, 3, ''),
(6, '37', 2, 5, ''),
(7, '37', 2, null, ''),
(8, '37', 4, null, ''),
(9, '37', 3, null, ''),
(10, '37', 0, 6, ''),
(11, '37', 3, null, ''),
(12, '37', 1, 2, ''),
(1, '38', 10, null, ''),
(2, '38', 3, 7, ''),
(3, '38', 6, null, ''),
(4, '38', 0, 8, ''),
(5, '38', 4, null, ''),
(6, '38', 2, 9, ''),
(7, '38', 1, 9, ''),
(8, '38', 3, 8, ''),
(9, '38', 3, null, ''),
(10, '38', 0, 8, ''),
(11, '38', 3, null, ''),
(12, '38', 7, null, ''),
(1, '39', 8, 11, ''),
(2, '39', 2, 9, ''),
(3, '39', 6, null, ''),
(4, '39', 2, null, ''),
(5, '39', 4, null, ''),
(6, '39', 2, 7, ''),
(7, '39', 1, 4, ''),
(8, '39', 1, 4, ''),
(9, '39', 2, 11, ''),
(10, '39', 0, 9, ''),
(11, '39', 0, 1, ''),
(12, '39', 7, null, ''),
(1, '40', 3, 8, ''),
(2, '40', 6, null, ''),
(3, '40', 0, 5, ''),
(4, '40', 2, null, ''),
(5, '40', 4, null, ''),
(6, '40', 3, null, ''),
(7, '40', 0, 2, ''),
(8, '40', 2, 2, ''),
(9, '40', 1, 5, ''),
(10, '40', 1, null, ''),
(11, '40', 2, 3, ''),
(12, '40', 3, 3, ''),
(1, '41', 10, null, ''),
(2, '41', 6, null, ''),
(3, '41', 6, null, ''),
(4, '41', 2, null, ''),
(5, '41', 0, 6, ''),
(6, '41', 2, 11, ''),
(7, '41', 2, null, ''),
(8, '41', 4, null, ''),
(9, '41', 3, null, ''),
(10, '41', 0, 11, ''),
(11, '41', 3, null, ''),
(12, '41', 7, null, ''),
(1, '42', 10, null, ''),
(2, '42', 5, 10, ''),
(3, '42', 6, null, ''),
(4, '42', 2, null, ''),
(5, '42', 4, null, ''),
(6, '42', 2, 8, ''),
(7, '42', 2, null, ''),
(8, '42', 4, null, ''),
(9, '42', 2, 11, ''),
(10, '42', 0, 2, ''),
(11, '42', 3, null, ''),
(12, '42', 7, null, ''),
(1, '43', 10, null, ''),
(2, '43', 6, null, ''),
(3, '43', 6, null, ''),
(4, '43', 2, null, ''),
(5, '43', 4, null, ''),
(6, '43', 3, null, ''),
(7, '43', 1, 1, ''),
(8, '43', 2, 8, ''),
(9, '43', 1, 4, ''),
(10, '43', 1, null, ''),
(11, '43', 2, 3, ''),
(12, '43', 6, 9, ''),
(1, '44', 10, null, ''),
(2, '44', 6, null, ''),
(3, '44', 6, null, ''),
(4, '44', 1, 5, ''),
(5, '44', 0, 9, ''),
(6, '44', 3, null, ''),
(7, '44', 1, 8, ''),
(8, '44', 4, null, ''),
(9, '44', 3, null, ''),
(10, '44', 1, null, ''),
(11, '44', 2, 3, ''),
(12, '44', 7, null, ''),
(1, '45', 10, null, ''),
(2, '45', 6, null, ''),
(3, '45', 1, 3, ''),
(4, '45', 0, 7, ''),
(5, '45', 2, 3, ''),
(6, '45', 1, 4, ''),
(7, '45', 2, null, ''),
(8, '45', 4, null, ''),
(9, '45', 0, 7, ''),
(10, '45', 1, null, ''),
(11, '45', 3, null, ''),
(12, '45', 7, null, ''),
(1, '46', 10, null, ''),
(2, '46', 6, null, ''),
(3, '46', 1, 1, ''),
(4, '46', 2, null, ''),
(5, '46', 4, null, ''),
(6, '46', 2, 1, ''),
(7, '46', 2, null, ''),
(8, '46', 0, 1, ''),
(9, '46', 2, 5, ''),
(10, '46', 0, 3, ''),
(11, '46', 1, 5, ''),
(12, '46', 6, 8, ''),
(1, '47', 10, null, ''),
(2, '47', 2, 9, ''),
(3, '47', 2, 3, ''),
(4, '47', 2, null, ''),
(5, '47', 0, 1, ''),
(6, '47', 2, 11, ''),
(7, '47', 2, null, ''),
(8, '47', 4, null, ''),
(9, '47', 3, null, ''),
(10, '47', 1, null, ''),
(11, '47', 2, 10, ''),
(12, '47', 7, null, ''),
(1, '48', 9, 11, ''),
(2, '48', 4, 7, ''),
(3, '48', 6, null, ''),
(4, '48', 1, 6, ''),
(5, '48', 3, 3, ''),
(6, '48', 3, null, ''),
(7, '48', 0, 8, ''),
(8, '48', 4, null, ''),
(9, '48', 3, null, ''),
(10, '48', 0, 5, ''),
(11, '48', 0, 11, ''),
(12, '48', 1, 1, ''),
(1, '49', 10, null, ''),
(2, '49', 6, null, ''),
(3, '49', 5, 10, ''),
(4, '49', 2, null, ''),
(5, '49', 4, null, ''),
(6, '49', 3, null, ''),
(7, '49', 0, 2, ''),
(8, '49', 2, 7, ''),
(9, '49', 3, null, ''),
(10, '49', 0, 1, ''),
(11, '49', 0, 1, ''),
(12, '49', 7, null, ''),
(1, '50', 10, null, ''),
(2, '50', 3, 9, ''),
(3, '50', 0, 7, ''),
(4, '50', 0, 4, ''),
(5, '50', 2, 9, ''),
(6, '50', 3, null, ''),
(7, '50', 2, null, ''),
(8, '50', 4, null, ''),
(9, '50', 0, 11, ''),
(10, '50', 1, null, ''),
(11, '50', 3, null, ''),
(12, '50', 7, null, ''),
(1, '51', 10, null, ''),
(2, '51', 0, 4, ''),
(3, '51', 6, null, ''),
(4, '51', 2, null, ''),
(5, '51', 1, 2, ''),
(6, '51', 0, 7, ''),
(7, '51', 1, 8, ''),
(8, '51', 4, null, ''),
(9, '51', 3, null, ''),
(10, '51', 0, 10, ''),
(11, '51', 3, null, ''),
(12, '51', 0, 1, ''),
(1, '52', 10, null, ''),
(2, '52', 3, 6, ''),
(3, '52', 4, 2, ''),
(4, '52', 1, 7, ''),
(5, '52', 0, 2, ''),
(6, '52', 3, null, ''),
(7, '52', 0, 2, ''),
(8, '52', 3, 2, ''),
(9, '52', 3, null, ''),
(10, '52', 1, null, ''),
(11, '52', 3, null, ''),
(12, '52', 2, 10, ''),
(1, '53', 7, 1, ''),
(2, '53', 4, 2, ''),
(3, '53', 0, 9, ''),
(4, '53', 2, null, ''),
(5, '53', 3, 10, ''),
(6, '53', 1, 10, ''),
(7, '53', 1, 8, ''),
(8, '53', 4, null, ''),
(9, '53', 3, null, ''),
(10, '53', 1, null, ''),
(11, '53', 2, 10, ''),
(12, '53', 7, null, ''),
(1, '54', 7, 4, ''),
(2, '54', 1, 5, ''),
(3, '54', 6, null, ''),
(4, '54', 0, 8, ''),
(5, '54', 1, 8, ''),
(6, '54', 0, 2, ''),
(7, '54', 2, null, ''),
(8, '54', 1, 1, ''),
(9, '54', 3, null, ''),
(10, '54', 1, null, ''),
(11, '54', 3, null, ''),
(12, '54', 5, 8, ''),
(1, '55', 9, 8, ''),
(2, '55', 3, 1, ''),
(3, '55', 2, 7, ''),
(4, '55', 2, null, ''),
(5, '55', 4, null, ''),
(6, '55', 0, 9, ''),
(7, '55', 0, 6, ''),
(8, '55', 3, 11, ''),
(9, '55', 3, null, ''),
(10, '55', 0, 8, ''),
(11, '55', 3, null, ''),
(12, '55', 7, null, ''),
(1, '56', 0, 3, ''),
(2, '56', 2, 6, ''),
(3, '56', 1, 11, ''),
(4, '56', 1, 9, ''),
(5, '56', 0, 5, ''),
(6, '56', 3, null, ''),
(7, '56', 0, 9, ''),
(8, '56', 2, 1, ''),
(9, '56', 3, null, ''),
(10, '56', 1, null, ''),
(11, '56', 3, null, ''),
(12, '56', 7, null, ''),
(1, '57', 10, null, ''),
(2, '57', 6, null, ''),
(3, '57', 6, null, ''),
(4, '57', 1, 11, ''),
(5, '57', 4, null, ''),
(6, '57', 1, 3, ''),
(7, '57', 0, 7, ''),
(8, '57', 2, 3, ''),
(9, '57', 3, null, ''),
(10, '57', 1, null, ''),
(11, '57', 3, null, ''),
(12, '57', 7, null, ''),
(1, '58', 10, null, ''),
(2, '58', 2, 4, ''),
(3, '58', 4, 6, ''),
(4, '58', 2, null, ''),
(5, '58', 4, null, ''),
(6, '58', 3, null, ''),
(7, '58', 2, null, ''),
(8, '58', 3, 8, ''),
(9, '58', 3, null, ''),
(10, '58', 1, null, ''),
(11, '58', 3, null, ''),
(12, '58', 7, null, ''),
(1, '59', 10, null, ''),
(2, '59', 6, null, ''),
(3, '59', 6, null, ''),
(4, '59', 2, null, ''),
(5, '59', 1, 6, ''),
(6, '59', 3, null, ''),
(7, '59', 2, null, ''),
(8, '59', 0, 4, ''),
(9, '59', 0, 4, ''),
(10, '59', 0, 10, ''),
(11, '59', 3, null, ''),
(12, '59', 4, 5, ''),
(1, '60', 10, null, ''),
(2, '60', 6, null, ''),
(3, '60', 6, null, ''),
(4, '60', 0, 8, ''),
(5, '60', 4, null, ''),
(6, '60', 3, null, ''),
(7, '60', 2, null, ''),
(8, '60', 4, null, ''),
(9, '60', 3, null, ''),
(10, '60', 0, 7, ''),
(11, '60', 2, 4, ''),
(12, '60', 3, 10, ''),
(1, '61', 10, null, ''),
(2, '61', 4, 11, ''),
(3, '61', 3, 6, ''),
(4, '61', 1, 11, ''),
(5, '61', 4, null, ''),
(6, '61', 3, null, ''),
(7, '61', 1, 10, ''),
(8, '61', 4, null, ''),
(9, '61', 1, 2, ''),
(10, '61', 0, 8, ''),
(11, '61', 1, 6, ''),
(12, '61', 7, null, ''),
(1, '62', 4, 4, ''),
(2, '62', 0, 8, ''),
(3, '62', 6, null, ''),
(4, '62', 2, null, ''),
(5, '62', 4, null, ''),
(6, '62', 0, 8, ''),
(7, '62', 2, null, ''),
(8, '62', 2, 6, ''),
(9, '62', 0, 9, ''),
(10, '62', 1, null, ''),
(11, '62', 3, null, ''),
(12, '62', 7, null, ''),
(1, '63', 5, 1, ''),
(2, '63', 6, null, ''),
(3, '63', 4, 1, ''),
(4, '63', 0, 8, ''),
(5, '63', 3, 5, ''),
(6, '63', 1, 10, ''),
(7, '63', 0, 7, ''),
(8, '63', 4, null, ''),
(9, '63', 3, null, ''),
(10, '63', 0, 3, ''),
(11, '63', 1, 1, ''),
(12, '63', 2, 1, ''),
(1, '64', 8, 5, ''),
(2, '64', 6, null, ''),
(3, '64', 6, null, ''),
(4, '64', 2, null, ''),
(5, '64', 1, 7, ''),
(6, '64', 3, null, ''),
(7, '64', 2, null, ''),
(8, '64', 2, 2, ''),
(9, '64', 3, null, ''),
(10, '64', 0, 3, ''),
(11, '64', 3, null, ''),
(12, '64', 7, null, ''),
(1, '65', 8, 1, ''),
(2, '65', 6, null, ''),
(3, '65', 5, 1, ''),
(4, '65', 2, null, ''),
(5, '65', 4, null, ''),
(6, '65', 3, null, ''),
(7, '65', 1, 1, ''),
(8, '65', 1, 10, ''),
(9, '65', 3, null, ''),
(10, '65', 0, 11, ''),
(11, '65', 0, 4, ''),
(12, '65', 3, 8, ''),
(1, '66', 0, 10, ''),
(2, '66', 6, null, ''),
(3, '66', 2, 2, ''),
(4, '66', 1, 9, ''),
(5, '66', 0, 2, ''),
(6, '66', 3, null, ''),
(7, '66', 1, 8, ''),
(8, '66', 4, null, ''),
(9, '66', 3, null, ''),
(10, '66', 0, 10, ''),
(11, '66', 3, null, ''),
(12, '66', 7, null, ''),
(1, '67', 10, null, ''),
(2, '67', 6, null, ''),
(3, '67', 6, null, ''),
(4, '67', 0, 10, ''),
(5, '67', 1, 7, ''),
(6, '67', 3, null, ''),
(7, '67', 1, 4, ''),
(8, '67', 0, 5, ''),
(9, '67', 3, null, ''),
(10, '67', 1, null, ''),
(11, '67', 0, 6, ''),
(12, '67', 7, null, ''),
(1, '68', 10, null, ''),
(2, '68', 6, null, ''),
(3, '68', 1, 8, ''),
(4, '68', 0, 5, ''),
(5, '68', 4, null, ''),
(6, '68', 3, null, ''),
(7, '68', 0, 10, ''),
(8, '68', 0, 5, ''),
(9, '68', 0, 9, ''),
(10, '68', 0, 8, ''),
(11, '68', 1, 7, ''),
(12, '68', 4, 10, ''),
(1, '69', 7, 3, ''),
(2, '69', 2, 6, ''),
(3, '69', 6, null, ''),
(4, '69', 2, null, ''),
(5, '69', 2, 10, ''),
(6, '69', 2, 2, ''),
(7, '69', 2, null, ''),
(8, '69', 0, 3, ''),
(9, '69', 2, 10, ''),
(10, '69', 1, null, ''),
(11, '69', 3, null, ''),
(12, '69', 7, null, ''),
(1, '70', 10, null, ''),
(2, '70', 5, 8, ''),
(3, '70', 6, null, ''),
(4, '70', 2, null, ''),
(5, '70', 1, 10, ''),
(6, '70', 1, 8, ''),
(7, '70', 1, 11, ''),
(8, '70', 3, 11, ''),
(9, '70', 0, 7, ''),
(10, '70', 1, null, ''),
(11, '70', 0, 1, ''),
(12, '70', 1, 5, ''),
(1, '71', 10, null, ''),
(2, '71', 3, 9, ''),
(3, '71', 0, 11, ''),
(4, '71', 0, 8, ''),
(5, '71', 4, null, ''),
(6, '71', 3, null, ''),
(7, '71', 0, 5, ''),
(8, '71', 2, 3, ''),
(9, '71', 3, null, ''),
(10, '71', 1, null, ''),
(11, '71', 0, 5, ''),
(12, '71', 6, 10, ''),
(1, '72', 1, 11, ''),
(2, '72', 6, null, ''),
(3, '72', 1, 4, ''),
(4, '72', 1, 2, ''),
(5, '72', 4, null, ''),
(6, '72', 1, 4, ''),
(7, '72', 1, 8, ''),
(8, '72', 4, null, ''),
(9, '72', 3, null, ''),
(10, '72', 1, null, ''),
(11, '72', 3, null, ''),
(12, '72', 7, null, ''),
(1, '73', 1, 4, ''),
(2, '73', 5, 4, ''),
(3, '73', 6, null, ''),
(4, '73', 2, null, ''),
(5, '73', 4, null, ''),
(6, '73', 3, null, ''),
(7, '73', 1, 6, ''),
(8, '73', 4, null, ''),
(9, '73', 0, 10, ''),
(10, '73', 1, null, ''),
(11, '73', 1, 10, ''),
(12, '73', 7, null, ''),
(1, '74', 10, null, ''),
(2, '74', 1, 3, ''),
(3, '74', 6, null, ''),
(4, '74', 0, 6, ''),
(5, '74', 2, 7, ''),
(6, '74', 3, null, ''),
(7, '74', 2, null, ''),
(8, '74', 0, 7, ''),
(9, '74', 3, null, ''),
(10, '74', 1, null, ''),
(11, '74', 3, null, ''),
(12, '74', 7, null, ''),
(1, '75', 10, null, ''),
(2, '75', 5, 1, ''),
(3, '75', 6, null, ''),
(4, '75', 2, null, ''),
(5, '75', 4, null, ''),
(6, '75', 0, 7, ''),
(7, '75', 0, 8, ''),
(8, '75', 4, null, ''),
(9, '75', 1, 9, ''),
(10, '75', 1, null, ''),
(11, '75', 2, 4, ''),
(12, '75', 6, 3, ''),
(1, '76', 10, null, ''),
(2, '76', 6, null, ''),
(3, '76', 6, null, ''),
(4, '76', 2, null, ''),
(5, '76', 4, null, ''),
(6, '76', 2, 5, ''),
(7, '76', 2, null, ''),
(8, '76', 4, null, ''),
(9, '76', 2, 6, ''),
(10, '76', 1, null, ''),
(11, '76', 1, 2, ''),
(12, '76', 7, null, ''),
(1, '77', 10, null, ''),
(2, '77', 6, null, ''),
(3, '77', 6, null, ''),
(4, '77', 1, 11, ''),
(5, '77', 4, null, ''),
(6, '77', 3, null, ''),
(7, '77', 1, 3, ''),
(8, '77', 0, 9, ''),
(9, '77', 2, 11, ''),
(10, '77', 0, 11, ''),
(11, '77', 0, 9, ''),
(12, '77', 4, 7, ''),
(1, '78', 10, null, ''),
(2, '78', 6, null, ''),
(3, '78', 2, 9, ''),
(4, '78', 2, null, ''),
(5, '78', 4, null, ''),
(6, '78', 3, null, ''),
(7, '78', 0, 9, ''),
(8, '78', 4, null, ''),
(9, '78', 3, null, ''),
(10, '78', 1, null, ''),
(11, '78', 2, 6, ''),
(12, '78', 7, null, ''),
(1, '79', 10, null, ''),
(2, '79', 2, 4, ''),
(3, '79', 6, null, ''),
(4, '79', 2, null, ''),
(5, '79', 4, null, ''),
(6, '79', 1, 10, ''),
(7, '79', 0, 9, ''),
(8, '79', 0, 2, ''),
(9, '79', 3, null, ''),
(10, '79', 0, 8, ''),
(11, '79', 3, null, ''),
(12, '79', 7, null, ''),
(1, '80', 10, null, ''),
(2, '80', 4, 11, ''),
(3, '80', 1, 5, ''),
(4, '80', 1, 11, ''),
(5, '80', 4, null, ''),
(6, '80', 0, 5, ''),
(7, '80', 2, null, ''),
(8, '80', 2, 2, ''),
(9, '80', 1, 11, ''),
(10, '80', 1, null, ''),
(11, '80', 3, null, ''),
(12, '80', 7, null, ''),
(1, '81', 10, null, ''),
(2, '81', 5, 3, ''),
(3, '81', 6, null, ''),
(4, '81', 1, 10, ''),
(5, '81', 4, null, ''),
(6, '81', 3, null, ''),
(7, '81', 1, 6, ''),
(8, '81', 4, null, ''),
(9, '81', 3, null, ''),
(10, '81', 1, null, ''),
(11, '81', 0, 4, ''),
(12, '81', 1, 3, ''),
(1, '82', 0, 8, ''),
(2, '82', 6, null, ''),
(3, '82', 6, null, ''),
(4, '82', 2, null, ''),
(5, '82', 3, 4, ''),
(6, '82', 2, 4, ''),
(7, '82', 2, null, ''),
(8, '82', 4, null, ''),
(9, '82', 3, null, ''),
(10, '82', 0, 4, ''),
(11, '82', 1, 11, ''),
(12, '82', 2, 6, ''),
(1, '83', 6, 3, ''),
(2, '83', 0, 3, ''),
(3, '83', 6, null, ''),
(4, '83', 2, null, ''),
(5, '83', 2, 6, ''),
(6, '83', 3, null, ''),
(7, '83', 0, 4, ''),
(8, '83', 4, null, ''),
(9, '83', 3, null, ''),
(10, '83', 0, 10, ''),
(11, '83', 2, 1, ''),
(12, '83', 3, 8, ''),
(1, '84', 2, 4, ''),
(2, '84', 4, 2, ''),
(3, '84', 6, null, ''),
(4, '84', 1, 3, ''),
(5, '84', 4, null, ''),
(6, '84', 3, null, ''),
(7, '84', 2, null, ''),
(8, '84', 3, 8, ''),
(9, '84', 2, 8, ''),
(10, '84', 1, null, ''),
(11, '84', 2, 5, ''),
(12, '84', 2, 3, ''),
(1, '85', 8, 7, ''),
(2, '85', 6, null, ''),
(3, '85', 3, 2, ''),
(4, '85', 2, null, ''),
(5, '85', 1, 7, ''),
(6, '85', 3, null, ''),
(7, '85', 2, null, ''),
(8, '85', 1, 11, ''),
(9, '85', 3, null, ''),
(10, '85', 1, null, ''),
(11, '85', 3, null, ''),
(12, '85', 6, 5, ''),
(1, '86', 1, 9, ''),
(2, '86', 6, null, ''),
(3, '86', 6, null, ''),
(4, '86', 0, 9, ''),
(5, '86', 1, 6, ''),
(6, '86', 0, 10, ''),
(7, '86', 2, null, ''),
(8, '86', 4, null, ''),
(9, '86', 3, null, ''),
(10, '86', 1, null, ''),
(11, '86', 3, null, ''),
(12, '86', 6, 9, ''),
(1, '87', 9, 6, ''),
(2, '87', 1, 1, ''),
(3, '87', 0, 10, ''),
(4, '87', 1, 9, ''),
(5, '87', 4, null, ''),
(6, '87', 3, null, ''),
(7, '87', 2, null, ''),
(8, '87', 4, null, ''),
(9, '87', 1, 5, ''),
(10, '87', 0, 7, ''),
(11, '87', 3, null, ''),
(12, '87', 1, 5, ''),
(1, '88', 10, null, ''),
(2, '88', 6, null, ''),
(3, '88', 6, null, ''),
(4, '88', 1, 11, ''),
(5, '88', 4, null, ''),
(6, '88', 2, 9, ''),
(7, '88', 2, null, ''),
(8, '88', 4, null, ''),
(9, '88', 1, 5, ''),
(10, '88', 0, 8, ''),
(11, '88', 3, null, ''),
(12, '88', 7, null, ''),
(1, '89', 10, null, ''),
(2, '89', 0, 10, ''),
(3, '89', 5, 8, ''),
(4, '89', 2, null, ''),
(5, '89', 4, null, ''),
(6, '89', 3, null, ''),
(7, '89', 0, 4, ''),
(8, '89', 4, null, ''),
(9, '89', 1, 4, ''),
(10, '89', 1, null, ''),
(11, '89', 1, 7, ''),
(12, '89', 7, null, ''),
(1, '90', 10, null, ''),
(2, '90', 0, 10, ''),
(3, '90', 6, null, ''),
(4, '90', 0, 4, ''),
(5, '90', 4, null, ''),
(6, '90', 0, 2, ''),
(7, '90', 1, 8, ''),
(8, '90', 3, 10, ''),
(9, '90', 3, null, ''),
(10, '90', 0, 3, ''),
(11, '90', 1, 4, ''),
(12, '90', 0, 2, ''),
(1, '91', 9, 11, ''),
(2, '91', 6, null, ''),
(3, '91', 6, null, ''),
(4, '91', 1, 6, ''),
(5, '91', 4, null, ''),
(6, '91', 3, null, ''),
(7, '91', 2, null, ''),
(8, '91', 4, null, ''),
(9, '91', 3, null, ''),
(10, '91', 1, null, ''),
(11, '91', 3, null, ''),
(12, '91', 7, null, ''),
(1, '92', 0, 2, ''),
(2, '92', 6, null, ''),
(3, '92', 6, null, ''),
(4, '92', 2, null, ''),
(5, '92', 1, 6, ''),
(6, '92', 3, null, ''),
(7, '92', 0, 7, ''),
(8, '92', 3, 5, ''),
(9, '92', 0, 4, ''),
(10, '92', 1, null, ''),
(11, '92', 0, 10, ''),
(12, '92', 7, null, ''),
(1, '93', 2, 10, ''),
(2, '93', 4, 1, ''),
(3, '93', 0, 9, ''),
(4, '93', 2, null, ''),
(5, '93', 0, 11, ''),
(6, '93', 3, null, ''),
(7, '93', 2, null, ''),
(8, '93', 3, 6, ''),
(9, '93', 3, null, ''),
(10, '93', 1, null, ''),
(11, '93', 1, 4, ''),
(12, '93', 7, null, ''),
(1, '94', 0, 5, ''),
(2, '94', 1, 7, ''),
(3, '94', 6, null, ''),
(4, '94', 1, 10, ''),
(5, '94', 1, 10, ''),
(6, '94', 2, 9, ''),
(7, '94', 2, null, ''),
(8, '94', 3, 8, ''),
(9, '94', 1, 5, ''),
(10, '94', 0, 2, ''),
(11, '94', 3, null, ''),
(12, '94', 7, null, ''),
(1, '95', 10, null, ''),
(2, '95', 5, 5, ''),
(3, '95', 1, 9, ''),
(4, '95', 2, null, ''),
(5, '95', 4, null, ''),
(6, '95', 3, null, ''),
(7, '95', 2, null, ''),
(8, '95', 2, 4, ''),
(9, '95', 1, 7, ''),
(10, '95', 1, null, ''),
(11, '95', 0, 4, ''),
(12, '95', 3, 1, ''),
(1, '96', 10, null, ''),
(2, '96', 2, 3, ''),
(3, '96', 1, 6, ''),
(4, '96', 0, 7, ''),
(5, '96', 3, 10, ''),
(6, '96', 3, null, ''),
(7, '96', 0, 2, ''),
(8, '96', 1, 3, ''),
(9, '96', 2, 6, ''),
(10, '96', 1, null, ''),
(11, '96', 3, null, ''),
(12, '96', 7, null, ''),
(1, '97', 10, null, ''),
(2, '97', 2, 10, ''),
(3, '97', 4, 6, ''),
(4, '97', 0, 7, ''),
(5, '97', 4, null, ''),
(6, '97', 3, null, ''),
(7, '97', 0, 11, ''),
(8, '97', 4, null, ''),
(9, '97', 3, null, ''),
(10, '97', 0, 10, ''),
(11, '97', 2, 4, ''),
(12, '97', 4, 2, ''),
(1, '98', 10, null, ''),
(2, '98', 6, null, ''),
(3, '98', 4, 10, ''),
(4, '98', 2, null, ''),
(5, '98', 4, null, ''),
(6, '98', 2, 1, ''),
(7, '98', 2, null, ''),
(8, '98', 2, 9, ''),
(9, '98', 1, 7, ''),
(10, '98', 1, null, ''),
(11, '98', 0, 6, ''),
(12, '98', 0, 11, ''),
(1, '99', 10, null, ''),
(2, '99', 4, 9, ''),
(3, '99', 6, null, ''),
(4, '99', 0, 7, ''),
(5, '99', 4, null, ''),
(6, '99', 2, 9, ''),
(7, '99', 1, 5, ''),
(8, '99', 4, null, ''),
(9, '99', 1, 4, ''),
(10, '99', 1, null, ''),
(11, '99', 2, 11, ''),
(12, '99', 5, 3, ''),
(1, '100', 10, null, ''),
(2, '100', 3, 3, ''),
(3, '100', 5, 10, ''),
(4, '100', 1, 11, ''),
(5, '100', 3, 11, ''),
(6, '100', 0, 3, ''),
(7, '100', 2, null, ''),
(8, '100', 2, 3, ''),
(9, '100', 3, null, ''),
(10, '100', 1, null, ''),
(11, '100', 0, 7, ''),
(12, '100', 0, 7, '');

